id,start_time,end_time,duration,src_ip,src_port,dst_ip,dst_port,total_bytes,total_message_bytes,avg_inter_arrival_time,median_inter_arrival_time,std_inter_arrival_time,num_packets,src_names,dst_names
0,1541380136.323359,1541380139.431462,3.108103036880493,192.168.1.67,59884,157.240.18.52,443,9690,2230,0.02188804955549643,1.71661376953125e-05,0.07233424791180476,143,"{'localhost', '192.168.1.67'}","{'mmx-ds.cdn.whatsapp.net', 'www.whatsapp.com', '157.240.18.52'}"
1,1541380136.355657,1541380139.429129,3.073471784591675,157.240.18.52,443,192.168.1.67,59884,234817,225085,0.016524041852643414,0.00022494792938232422,0.07206900410351834,187,"{'mmx-ds.cdn.whatsapp.net', 'www.whatsapp.com', '157.240.18.52'}","{'localhost', '192.168.1.67'}"
2,1541380136.904426,1541380138.828163,1.923736810684204,192.168.1.67,59885,157.240.18.19,443,22151,3159,0.0052849912381434175,1.3113021850585938e-05,0.04296690251641868,365,"{'localhost', '192.168.1.67'}","{'157.240.18.19', 'scontent.xx.fbcdn.net'}"
3,1541380136.925849,1541380138.819457,1.8936080932617188,157.240.18.19,443,192.168.1.67,59885,989795,952971,0.002678370711827042,0.0002319812774658203,0.032023713370795404,708,"{'157.240.18.19', 'scontent.xx.fbcdn.net'}","{'localhost', '192.168.1.67'}"
4,1541380136.9387,1541380138.224377,1.2856769561767578,192.168.1.67,59886,157.240.18.52,443,7605,1405,0.010895567425226762,7.295608520507812e-05,0.06618448314879936,119,"{'localhost', '192.168.1.67'}","{'mmx-ds.cdn.whatsapp.net', 'www-cdn.whatsapp.net', '157.240.18.52', 'www.whatsapp.com'}"
5,1541380136.948852,1541380137.959682,1.0108299255371094,192.168.1.67,59887,169.44.82.102,443,1859,1275,0.10108299255371093,0.0750495195388794,0.1105198932544006,11,"{'localhost', '192.168.1.67'}","{'169.44.82.102', 'w0.whatsapp.com', 'blog.whatsapp.com'}"
6,1541380136.959192,1541380138.224237,1.265044927597046,157.240.18.52,443,192.168.1.67,59886,193564,185652,0.00837778097746388,0.0002620220184326172,0.06368008279969412,152,"{'mmx-ds.cdn.whatsapp.net', 'www-cdn.whatsapp.net', '157.240.18.52', 'www.whatsapp.com'}","{'localhost', '192.168.1.67'}"
7,1541380137.003074,1541380137.9537,0.9506261348724365,169.44.82.102,443,192.168.1.67,59887,4267,3843,0.1358037335532052,0.058683156967163086,0.16943777903437313,8,"{'169.44.82.102', 'w0.whatsapp.com', 'blog.whatsapp.com'}","{'localhost', '192.168.1.67'}"
